Keyword	Currency	Avg. monthly searches	Three month change	YoY change	Competition	Competition (indexed value)
invisalign	GBP	50000	0%	0%	High	69
invisalign price	GBP	500	900%	900%	Medium	44
invisible aligners	GBP	500	0%	0%	High	100
smile invisalign	GBP	500	0%	900%	High	75
cheap invisalign	GBP	500	0%	0%	High	97
clear aligners for teeth	GBP	50	0%	900%	High	72
invisalign aligners	GBP	500	0%	0%	Medium	42
invisalign teeth	GBP	500	0%	0%	Medium	53
invisalign treatment	GBP	500	0%	0%	Medium	54
clear aligners cost	GBP	50	0%	0%	High	89
invis	GBP	50	0%	0%	Medium	48
invisalign cleaning crystals	GBP	500	0%	0%	High	100
invisible line for teeth	GBP	50	0%	0%	High	87
invisalign monthly cost	GBP	50	900%	900%	Low	26
clear correct aligners	GBP	50	-90%	0%	High	69
hismile invisalign	GBP	50	0%	0%	High	96
invisalign bottom teeth only	GBP	50	0%	0%	High	79
byte teeth	GBP	50	-100%	-100%	Unknown	
invisalign deals	GBP	50	0%	0%	High	98
best aligners	GBP	50	0%	0%	High	100
smile direct appointment	GBP	50	0%	0%	High	86
smile direct club aligners	GBP	50	0%	0%	Medium	43
byte clear aligners	GBP	50	-100%	0%	Unknown	
byte smile	GBP	50	0%	0%	Unknown	
invisible smile	GBP	50	0%	0%	Medium	33
my invisalign	GBP	50	0%	0%	Low	30
clear invisalign	GBP	50	0%	0%	High	79
invisalign treatment cost	GBP	50	0%	0%	High	73
invisalign smile view	GBP	50	0%	0%	High	69
invisalign smile direct club	GBP	50	0%	0%	Medium	36
smile direct invisalign	GBP	50	0%	0%	Medium	36
movewithinvisalign	GBP	50	-100%	-100%	Unknown	
invisalign clear aligners	GBP	500	-90%	0%	Medium	34
invisalign treatment near me	GBP	50	0%	0%	Low	29
cheap clear aligners	GBP	50	0%	0%	High	100
smile clear aligners	GBP	50	0%	0%	High	100
invisalign promotions	GBP	50	0%	0%	High	100
byte night aligners	GBP	50	0%	0%	Unknown	
invisalign underbite	GBP	50	0%	0%	Medium	43
aligners for bottom teeth only	GBP	50	0%	0%	High	100
aligners price	GBP	50	0%	0%	High	100
visaliners	GBP	50	0%	0%	High	86
invisalign crystals	GBP	50	0%	0%	High	100
overnight invisalign	GBP	50	0%	0%	High	86
candid clear aligners	GBP	50	0%	-100%	Unknown	
smile straight	GBP	50	0%	900%	Low	26
night invisalign	GBP	50	0%	0%	High	81
candid invisalign	GBP	50	-100%	-100%	Unknown	
invisible liner for teeth	GBP	50	∞	0%	High	100
visa line braces	GBP	50	0%	∞	Medium	43
invisalign promotions 2022	GBP	0	0%	0%	Unknown	
invisalign consultation near me	GBP	50	0%	0%	Medium	61
invisalign cleaning	GBP	50	900%	900%	High	95
smile view	GBP	50	0%	0%	Medium	50
invisible dental aligners	GBP	50	0%	0%	High	81
invisalign usa	GBP	50	0%	0%	Medium	45
dentista invisalign	GBP	50	900%	900%	Medium	42
invisalign line	GBP	50	0%	0%	High	86
invisalign bottom teeth only price	GBP	50	0%	0%	High	100
invisalign discounts	GBP	50	0%	0%	High	95
smile direct club costs	GBP	50	0%	0%	Low	23
invisible aligners price	GBP	50	0%	0%	High	100
invisalign office near me	GBP	50	∞	∞	High	100
invisalign is	GBP	50	0%	0%	Medium	47
invisalign reddit	GBP	500	0%	0%	Low	3
teeth invisible aligners	GBP	50	0%	900%	High	95
smile view invisalign	GBP	50	0%	0%	Medium	52
invisalign de	GBP	50	0%	-100%	Unknown	
invisalign nl	GBP	50	0%	0%	Unknown	
invis aligners	GBP	500	0%	0%	High	100
bottom invisalign	GBP	50	0%	0%	Medium	64
clear aligners price	GBP	50	0%	0%	High	100
invisalign amazon	GBP	50	0%	0%	High	100
invisible align	GBP	50	0%	0%	High	93
cheap invisible aligners	GBP	50	0%	0%	High	92
invisalign prices near me	GBP	50	0%	0%	High	69
smile club direct cost	GBP	50	0%	0%	Low	23
evenly invisalign	GBP	0	0%	0%	Unknown	
smile direct costs	GBP	50	0%	0%	Low	23
damon clear braces	GBP	50	0%	0%	Medium	37
invisalign clear braces	GBP	50	0%	0%	Low	19
alignment for teeth	GBP	500	0%	0%	High	98
invisalign stickables	GBP	50	0%	0%	High	77
smile brace	GBP	50	0%	0%	High	100
invisalign align technology	GBP	50	0%	0%	Medium	49
invisible dental	GBP	50	0%	0%	High	90
invisalign itero	GBP	50	0%	0%	Medium	57
clarity aligners	GBP	50	0%	0%	Medium	43
white invisalign	GBP	50	0%	0%	High	100
directsmile club	GBP	5000	0%	0%	High	84
invisalign deutsch	GBP	50	0%	0%	Low	0
clear correct price	GBP	50	0%	0%	Low	24
r invisalign	GBP	50	0%	0%	Low	14
mouth aligners	GBP	50	-100%	0%	Unknown	
invisalign replacement cost	GBP	50	0%	0%	Medium	43
quip aligners	GBP	0	0%	0%	Unknown	
itero price	GBP	50	0%	∞	High	86
invisible lines dental	GBP	50	0%	0%	Medium	43
6 month invisalign	GBP	50	0%	0%	Medium	48
suresmile clear aligners	GBP	50	0%	0%	Medium	57
invisalign technology	GBP	50	0%	∞	High	71
wearing invisalign	GBP	50	0%	0%	Low	14
invisalign lite price	GBP	50	0%	0%	High	92
nighttime clear aligners	GBP	50	0%	0%	Low	0
munchies invisalign	GBP	50	0%	0%	High	90
invisalign to widen smile	GBP	50	0%	0%	Medium	47
invisalign centre	GBP	50	0%	0%	Medium	65
smile direct club underbite	GBP	50	-100%	0%	Unknown	
adult invisible braces	GBP	50	0%	0%	Medium	42
clear correct cost	GBP	50	0%	0%	Low	14
invisalign munchies	GBP	50	0%	0%	High	90
clear teeth straighteners	GBP	50	0%	∞	Medium	50
price of invisible aligners	GBP	50	0%	0%	High	71
vpro invisalign	GBP	50	0%	0%	Unknown	
invisalign teeth cost	GBP	50	0%	0%	Medium	61
invis teeth	GBP	50	0%	0%	High	90
invisalign smile direct	GBP	50	0%	0%	Medium	36
clear aligners braces	GBP	50	0%	0%	High	100
bupa invisalign	GBP	50	-90%	0%	Low	3
invisalign hours per day	GBP	50	0%	0%	Low	0
candid aligner	GBP	50	-100%	-100%	Unknown	
invisalign better than braces	GBP	50	0%	0%	High	86
invisalign global gallery	GBP	50	0%	0%	Medium	35
invisalign customer care	GBP	50	0%	0%	Low	21
invisalign bonding	GBP	50	0%	0%	Medium	52
invisalign for dentists	GBP	50	0%	0%	Low	29
invisalign on gapped teeth	GBP	50	0%	0%	Medium	40
wider smile invisalign	GBP	50	0%	0%	Low	6
clear alignment	GBP	50	0%	0%	Medium	39
invisalign assist	GBP	50	-100%	0%	Unknown	
invisalign price usa	GBP	50	0%	0%	Low	26
klar aligner	GBP	50	0%	0%	Unknown	
invisalign look	GBP	50	0%	0%	Low	10
cleaning aligners	GBP	50	0%	0%	High	100
i lost my invisalign	GBP	50	∞	0%	Low	0
invisalign alineadores	GBP	0	0%	0%	Unknown	
invisalign in mouth	GBP	50	0%	0%	Low	10
gold invisalign	GBP	50	0%	∞	Medium	61
clear aligners for teens	GBP	50	∞	∞	Medium	43
invisalign 3d	GBP	50	0%	0%	Medium	36
invisalign trustpilot	GBP	50	0%	0%	Medium	57
invisalign pontic	GBP	50	0%	0%	Low	4
clear aligners amazon	GBP	50	0%	0%	High	100
vpro5 invisalign	GBP	50	∞	∞	Medium	43
wearing invisalign 18 hours a day	GBP	50	0%	0%	Low	0
invisalign i7 cost	GBP	50	0%	0%	Medium	64
invisible aparat	GBP	50	0%	0%	Medium	49
invisalign gold	GBP	50	0%	∞	Medium	61
invisalign faster than braces	GBP	50	0%	0%	High	86
switching from braces to invisalign	GBP	50	0%	0%	Medium	57
k line aligners	GBP	50	0%	0%	Medium	34
removing invisalign	GBP	50	0%	0%	Low	29
only wearing invisalign 18 hours a day	GBP	50	0%	0%	Low	0
l invisalign	GBP	50	0%	0%	High	86
wearing invisalign only at night	GBP	50	0%	0%	Low	1
only wearing invisalign 12 hours a day	GBP	50	0%	0%	Low	0
orthokey invisalign	GBP	50	∞	0%	High	100
clear braces for teens	GBP	50	0%	0%	Low	0
dentcare aligners	GBP	50	-100%	0%	Unknown	
invisalign on	GBP	50	0%	0%	Low	24
clear ortho	GBP	50	0%	∞	Low	0
straumann aligners	GBP	50	0%	0%	Low	17
invisalign 2022	GBP	0	0%	0%	Unknown	
invisalign additional aligners	GBP	50	-100%	-100%	Unknown	
global invisalign gallery	GBP	50	0%	0%	Medium	35
invisalign price reddit	GBP	50	0%	0%	Low	23
bupa invisalign cover	GBP	50	0%	0%	Low	0
taking out invisalign	GBP	50	0%	0%	Low	0
invisalign tiktok	GBP	50	-100%	-100%	Unknown	
nuffield clear aligners	GBP	50	0%	0%	Unknown	
invisalign opalescence	GBP	50	0%	0%	High	71
invisalign overcrowding	GBP	50	0%	0%	Medium	44
pontic invisalign	GBP	50	0%	0%	Low	4
ortho munchies	GBP	50	0%	-100%	Unknown	
cryst aligner	GBP	50	-100%	-100%	Unknown	
invisalign 3 months	GBP	50	0%	0%	Medium	57
opalescence invisalign	GBP	50	0%	0%	High	100
kline aligners	GBP	50	-100%	0%	Unknown	
invisalign malocclusion	GBP	50	0%	0%	Medium	33
bimaxillary protrusion invisalign	GBP	50	0%	0%	Low	0
invisalign mumsnet	GBP	50	0%	0%	Low	1
clearpath aligners cost	GBP	50	∞	∞	High	100
invisalign underbite reddit	GBP	50	0%	0%	Low	21
invisalign cracked	GBP	50	0%	0%	Low	0
corega tabs invisalign	GBP	0	0%	0%	Unknown	
0800 invisalign	GBP		--	--	Unknown	
ods aligners	GBP	0	0%	0%	Unknown	
charli d amelio invisalign	GBP	50	0%	0%	Unknown	
3shape invisalign	GBP	50	0%	0%	High	71
wearing invisalign 16 hours a day	GBP	50	∞	∞	Low	0
global gallery invisalign	GBP	50	∞	∞	High	86
lost invisalign	GBP	50	0%	0%	Low	0
invisalign sauna	GBP	50	0%	0%	Low	0
straight dental care	GBP	50	0%	0%	Unknown	
i only wear my invisalign 16 hours a day	GBP	50	0%	0%	Low	0
3d aligner	GBP	50	0%	0%	Medium	61
align technology subsidiaries	GBP	50	0%	0%	Unknown	
aligner alchemy	GBP	50	0%	0%	Low	0
eledent aligners	GBP	0	0%	0%	Unknown	
invisalign 18 hours a day	GBP	50	0%	0%	Low	0
invisalign billie eilish	GBP	50	0%	0%	Low	0
invisalign crossbite reddit	GBP	50	0%	0%	Low	0
invisalign it	GBP	50	∞	0%	High	100
invisalign lite reddit	GBP	50	0%	0%	Low	4
local invisalign dentist near me	GBP	50	∞	∞	Low	0
midline discrepancy invisalign	GBP	50	∞	∞	Low	0
mumsnet invisalign	GBP	50	0%	0%	Low	1
my aligntech	GBP	50	0%	0%	Low	0
normal alignment of teeth	GBP	50	0%	0%	Low	4
not wearing invisalign for a day	GBP	50	0%	0%	Low	10
root resorption invisalign	GBP	50	0%	0%	Low	0
stained invisalign	GBP	50	0%	0%	Low	0
stopping invisalign mid treatment	GBP	50	0%	∞	Low	0
